Index,Vertical1
0,Games
1,Games
2,Autos & Vehicles
3,Arts & Entertainment
4,Arts & Entertainment
5,Arts & Entertainment
6,Arts & Entertainment
7,Autos & Vehicles
8,Arts & Entertainment
9,Arts & Entertainment
10,Arts & Entertainment
11,Food & Drink
12,Sports
13,Arts & Entertainment
14,Arts & Entertainment
15,Pets & Animals
16,Arts & Entertainment
17,Sports
18,Pets & Animals
19,Sports
20,Food & Drink
21,Internet & Telecom
22,Food & Drink
23,Internet & Telecom
24,Computers & Electronics
25,Arts & Entertainment
26,Shopping
27,Games
28,Arts & Entertainment
29,Food & Drink
31,Arts & Entertainment
30,Autos & Vehicles
32,Food & Drink
33,Arts & Entertainment
34,Arts & Entertainment
35,Games
36,Games
37,Arts & Entertainment
38,Arts & Entertainment
39,Beauty & Fitness
40,Computers & Electronics
41,Arts & Entertainment
42,Games
43,Hobbies & Leisure
44,Autos & Vehicles
45,Business & Industrial
46,Autos & Vehicles
47,Arts & Entertainment
48,Autos & Vehicles
49,Arts & Entertainment
50,Beauty & Fitness
51,Business & Industrial
53,Sports
54,Arts & Entertainment
52,Sports
56,Business & Industrial
57,Arts & Entertainment
55,Autos & Vehicles
58,Autos & Vehicles
59,Business & Industrial
60,Hobbies & Leisure
62,Business & Industrial
61,Arts & Entertainment
63,Games
64,Hobbies & Leisure
65,Beauty & Fitness
66,Beauty & Fitness
67,Pets & Animals
68,Sports
69,Games
70,Sports
73,Computers & Electronics
71,Hobbies & Leisure
72,Sports
74,Computers & Electronics
75,Autos & Vehicles
76,Autos & Vehicles
77,Business & Industrial
78,Arts & Entertainment
79,Sports
80,Arts & Entertainment
81,Arts & Entertainment
82,Sports
83,Business & Industrial
85,Games
84,Arts & Entertainment
86,Arts & Entertainment
87,Pets & Animals
90,Autos & Vehicles
88,Home & Garden
89,Arts & Entertainment
91,Arts & Entertainment
92,Sports
93,Games
94,Games
95,Autos & Vehicles
96,Pets & Animals
97,Arts & Entertainment
100,Beauty & Fitness
98,Sports
101,Hobbies & Leisure
99,Hobbies & Leisure
102,Games
103,Sports
104,Autos & Vehicles
105,Computers & Electronics
107,Travel
106,Computers & Electronics
109,Business & Industrial
108,Games
111,Games
110,Sports
114,Business & Industrial
113,Business & Industrial
112,Food & Drink
115,Computers & Electronics
117,Arts & Entertainment
116,Autos & Vehicles
118,Sports
119,Hobbies & Leisure
120,Food & Drink
121,Beauty & Fitness
123,Food & Drink
122,Arts & Entertainment
124,Games
126,Science
125,Sports
127,Arts & Entertainment
131,Computers & Electronics
132,Games
128,Sports
129,Sports
130,Shopping
134,Games
133,Arts & Entertainment
135,Autos & Vehicles
137,Business & Industrial
136,Arts & Entertainment
138,Business & Industrial
141,Travel
140,Pets & Animals
139,Games
142,Games
143,Sports
145,Travel
144,Arts & Entertainment
146,Arts & Entertainment
147,Games
148,Shopping
149,Hobbies & Leisure
152,Hobbies & Leisure
150,Games
151,Sports
154,Arts & Entertainment
156,Beauty & Fitness
155,Business & Industrial
153,Games
157,Games
158,Computers & Electronics
160,Sports
161,Beauty & Fitness
159,Games
162,Business & Industrial
164,Arts & Entertainment
163,Autos & Vehicles
165,Autos & Vehicles
168,Arts & Entertainment
166,Sports
167,Games
169,Arts & Entertainment
170,Pets & Animals
172,Autos & Vehicles
171,Autos & Vehicles
173,Food & Drink
174,Autos & Vehicles
175,Arts & Entertainment
177,Autos & Vehicles
176,Food & Drink
178,Pets & Animals
181,Beauty & Fitness
179,News
180,Law & Government
182,Sports
184,Real Estate
183,Computers & Electronics
185,Games
186,Autos & Vehicles
188,Arts & Entertainment
187,Computers & Electronics
189,Arts & Entertainment
192,Computers & Electronics
191,Travel
193,Games
190,Arts & Entertainment
194,Shopping
195,News
197,Autos & Vehicles
196,Autos & Vehicles
198,Autos & Vehicles
201,Hobbies & Leisure
202,Beauty & Fitness
203,Computers & Electronics
200,Computers & Electronics
199,Shopping
205,Jobs & Education
204,Arts & Entertainment
209,Computers & Electronics
207,Beauty & Fitness
206,Arts & Entertainment
208,Business & Industrial
210,Sports
211,Food & Drink
212,Business & Industrial
213,Autos & Vehicles
214,Autos & Vehicles
216,Beauty & Fitness
215,Games
220,Home & Garden
218,Reference
222,Beauty & Fitness
221,Food & Drink
217,Games
219,Games
226,Sports
223,Law & Government
230,Games
227,Autos & Vehicles
224,Autos & Vehicles
225,Arts & Entertainment
228,Autos & Vehicles
231,Sports
232,Autos & Vehicles
229,Food & Drink
233,Beauty & Fitness
235,Autos & Vehicles
236,Games
234,Games
238,Science
242,Games
237,Arts & Entertainment
247,Travel
244,Pets & Animals
240,Sports
241,Games
243,Arts & Entertainment
249,Beauty & Fitness
246,Arts & Entertainment
248,Travel
239,Hobbies & Leisure
252,News
250,Food & Drink
245,Computers & Electronics
254,Games
255,Travel
251,Business & Industrial
253,Shopping
257,(Unknown)
256,Beauty & Fitness
258,Games
261,Sports
260,Business & Industrial
259,Science
263,Arts & Entertainment
262,Business & Industrial
266,Autos & Vehicles
264,Law & Government
267,Autos & Vehicles
265,Arts & Entertainment
270,Business & Industrial
268,Arts & Entertainment
269,Computers & Electronics
271,Shopping
276,Home & Garden
273,Sports
277,Arts & Entertainment
274,Hobbies & Leisure
275,Computers & Electronics
272,Games
278,Arts & Entertainment
279,Computers & Electronics
281,Autos & Vehicles
280,Autos & Vehicles
282,Books & Literature
285,Games
283,Autos & Vehicles
284,Computers & Electronics
287,Games
286,Hobbies & Leisure
288,Computers & Electronics
290,Games
289,Science
291,Business & Industrial
292,Shopping
295,Business & Industrial
294,Computers & Electronics
293,Shopping
297,Autos & Vehicles
296,Law & Government
300,Arts & Entertainment
298,Hobbies & Leisure
299,Travel
303,Food & Drink
302,Food & Drink
304,Hobbies & Leisure
305,Computers & Electronics
308,Jobs & Education
313,Arts & Entertainment
309,Computers & Electronics
307,Home & Garden
301,Games
311,Home & Garden
310,Arts & Entertainment
312,Sports
306,Games
316,Autos & Vehicles
314,Pets & Animals
315,Arts & Entertainment
317,Games
318,Games
320,Computers & Electronics
321,Food & Drink
322,Computers & Electronics
319,Games
323,Games
324,Arts & Entertainment
326,Arts & Entertainment
331,Computers & Electronics
325,Arts & Entertainment
328,Arts & Entertainment
333,Sports
329,Sports
330,Arts & Entertainment
327,Games
334,Food & Drink
338,Science
332,Beauty & Fitness
337,Games
341,Home & Garden
339,Arts & Entertainment
335,Games
343,Shopping
349,Computers & Electronics
336,Games
340,Sports
344,Autos & Vehicles
348,Arts & Entertainment
345,Sports
352,Games
356,Science
351,Arts & Entertainment
357,Games
350,Sports
358,Computers & Electronics
346,Sports
347,Business & Industrial
359,Science
355,Beauty & Fitness
354,Arts & Entertainment
362,Arts & Entertainment
353,Sports
342,Arts & Entertainment
361,Autos & Vehicles
360,Sports
364,Real Estate
363,Pets & Animals
365,Hobbies & Leisure
368,Food & Drink
369,Sports
367,Games
366,Hobbies & Leisure
370,Food & Drink
372,Games
371,Hobbies & Leisure
375,Science
376,Sports
374,Hobbies & Leisure
378,Games
380,Home & Garden
379,Arts & Entertainment
377,Law & Government
373,Autos & Vehicles
385,Autos & Vehicles
384,Arts & Entertainment
383,Arts & Entertainment
388,Business & Industrial
389,Arts & Entertainment
386,Arts & Entertainment
382,Shopping
393,Beauty & Fitness
381,Law & Government
390,Hobbies & Leisure
394,Sports
399,Autos & Vehicles
392,Hobbies & Leisure
397,Business & Industrial
387,Games
396,Travel
402,Autos & Vehicles
400,Home & Garden
398,Sports
391,Pets & Animals
395,Games
401,Shopping
405,Arts & Entertainment
404,Games
406,Food & Drink
409,Games
410,Computers & Electronics
407,Games
413,Autos & Vehicles
403,Games
408,Sports
416,Home & Garden
415,Autos & Vehicles
411,Business & Industrial
419,Reference
422,Hobbies & Leisure
412,Games
417,Games
420,Home & Garden
414,Arts & Entertainment
421,Arts & Entertainment
424,Computers & Electronics
429,Jobs & Education
418,Arts & Entertainment
425,Hobbies & Leisure
423,Games
427,Business & Industrial
431,Games
426,Home & Garden
434,Books & Literature
428,Hobbies & Leisure
436,Computers & Electronics
432,Sports
435,Shopping
430,Food & Drink
433,Arts & Entertainment
441,Shopping
439,Computers & Electronics
437,Autos & Vehicles
443,Sports
440,Sports
442,Arts & Entertainment
438,Games
445,Shopping
446,Autos & Vehicles
448,Sports
447,Games
454,Computers & Electronics
444,Food & Drink
453,People & Society
455,Computers & Electronics
449,Games
456,Business & Industrial
451,Arts & Entertainment
452,Sports
459,Games
450,Games
458,Autos & Vehicles
460,Autos & Vehicles
465,Autos & Vehicles
457,Autos & Vehicles
467,Computers & Electronics
463,Pets & Animals
462,Food & Drink
461,Computers & Electronics
470,Games
464,Autos & Vehicles
469,Autos & Vehicles
466,Shopping
468,Science
472,Food & Drink
473,Autos & Vehicles
471,Internet & Telecom
475,Business & Industrial
478,Games
474,Autos & Vehicles
477,Food & Drink
479,Games
476,Arts & Entertainment
480,Sports
481,Games
485,Hobbies & Leisure
484,Games
491,Sports
488,Computers & Electronics
482,Autos & Vehicles
490,Sports
496,Computers & Electronics
494,Sports
483,Food & Drink
486,Games
489,Computers & Electronics
487,Games
492,Arts & Entertainment
495,Autos & Vehicles
493,Beauty & Fitness
507,Business & Industrial
501,Sports
497,Home & Garden
499,Science
503,Beauty & Fitness
500,Business & Industrial
498,Business & Industrial
514,Home & Garden
504,Computers & Electronics
502,Business & Industrial
506,Food & Drink
510,Computers & Electronics
505,Business & Industrial
512,Games
508,Autos & Vehicles
511,Business & Industrial
509,Travel
527,People & Society
526,Food & Drink
520,Computers & Electronics
532,People & Society
515,Sports
513,Autos & Vehicles
519,Hobbies & Leisure
517,Games
516,Arts & Entertainment
525,Law & Government
518,Hobbies & Leisure
531,Autos & Vehicles
529,Beauty & Fitness
524,Computers & Electronics
528,Food & Drink
522,Business & Industrial
523,Sports
535,Computers & Electronics
530,Games
537,Sports
534,Computers & Electronics
539,Arts & Entertainment
536,Pets & Animals
540,Business & Industrial
533,Pets & Animals
521,Beauty & Fitness
538,Sports
541,Business & Industrial
547,Hobbies & Leisure
550,Arts & Entertainment
544,Autos & Vehicles
546,Games
549,Science
551,Arts & Entertainment
554,Computers & Electronics
543,Food & Drink
542,Games
548,Beauty & Fitness
545,Pets & Animals
556,People & Society
562,Games
553,Arts & Entertainment
557,Shopping
560,Food & Drink
552,Arts & Entertainment
559,Food & Drink
563,Autos & Vehicles
565,Arts & Entertainment
561,Games
558,Arts & Entertainment
567,Beauty & Fitness
555,Pets & Animals
576,Food & Drink
566,Autos & Vehicles
568,Games
569,Science
564,Food & Drink
574,Science
573,Autos & Vehicles
570,Arts & Entertainment
579,Health
582,Games
581,Reference
578,Arts & Entertainment
575,Computers & Electronics
580,Home & Garden
572,Food & Drink
577,Games
571,Travel
594,Arts & Entertainment
584,Computers & Electronics
590,Computers & Electronics
585,Arts & Entertainment
586,Games
587,Games
588,Computers & Electronics
583,Science
589,Games
596,Games
591,Games
592,Arts & Entertainment
598,Jobs & Education
593,Shopping
595,Arts & Entertainment
601,Business & Industrial
597,Arts & Entertainment
599,Arts & Entertainment
606,Business & Industrial
603,Business & Industrial
609,Games
600,Arts & Entertainment
604,Food & Drink
605,Food & Drink
614,Home & Garden
602,Business & Industrial
610,Shopping
608,Autos & Vehicles
615,Games
611,Games
612,Arts & Entertainment
613,Computers & Electronics
617,Computers & Electronics
616,Business & Industrial
618,Arts & Entertainment
620,Home & Garden
607,Games
624,Food & Drink
627,Beauty & Fitness
622,Games
630,Arts & Entertainment
621,Games
625,Food & Drink
631,Business & Industrial
623,Arts & Entertainment
619,Business & Industrial
629,Computers & Electronics
626,Games
638,Arts & Entertainment
636,Shopping
653,Arts & Entertainment
633,Games
632,Autos & Vehicles
640,Internet & Telecom
628,Computers & Electronics
634,Hobbies & Leisure
644,Arts & Entertainment
641,Home & Garden
645,Arts & Entertainment
642,Science
646,Home & Garden
652,Home & Garden
639,Sports
647,Arts & Entertainment
637,Food & Drink
661,Beauty & Fitness
643,Games
635,Science
654,Games
651,Computers & Electronics
658,Computers & Electronics
648,Shopping
649,Games
663,Reference
668,Pets & Animals
657,Games
650,Arts & Entertainment
655,Arts & Entertainment
660,Arts & Entertainment
664,Hobbies & Leisure
674,Science
656,Autos & Vehicles
666,Science
662,Arts & Entertainment
671,Arts & Entertainment
659,Sports
670,Games
681,Computers & Electronics
683,Food & Drink
672,Arts & Entertainment
675,Arts & Entertainment
669,Science
676,Computers & Electronics
665,Games
677,Games
667,News
682,Arts & Entertainment
691,Autos & Vehicles
685,Sports
678,Games
673,Hobbies & Leisure
688,Shopping
702,Autos & Vehicles
684,Internet & Telecom
679,Food & Drink
694,Arts & Entertainment
687,Arts & Entertainment
686,Pets & Animals
689,Sports
680,Food & Drink
693,Hobbies & Leisure
699,Pets & Animals
703,Computers & Electronics
708,Pets & Animals
695,Games
700,Science
697,Computers & Electronics
696,Sports
698,Beauty & Fitness
690,Food & Drink
707,Arts & Entertainment
701,Business & Industrial
704,Science
692,Food & Drink
705,Sports
706,Autos & Vehicles
712,Computers & Electronics
711,Autos & Vehicles
719,Computers & Electronics
709,Pets & Animals
710,Autos & Vehicles
726,Arts & Entertainment
713,Food & Drink
721,Business & Industrial
720,Business & Industrial
715,Autos & Vehicles
717,Science
714,Games
730,Finance
728,Food & Drink
729,Hobbies & Leisure
723,Science
716,Hobbies & Leisure
722,Computers & Electronics
731,Games
718,Internet & Telecom
732,Hobbies & Leisure
724,Autos & Vehicles
736,Computers & Electronics
739,Computers & Electronics
725,Arts & Entertainment
742,Autos & Vehicles
741,Arts & Entertainment
727,Beauty & Fitness
735,Arts & Entertainment
753,Games
737,Games
740,Games
750,Business & Industrial
744,Games
743,Games
748,Business & Industrial
734,Arts & Entertainment
738,Games
747,Food & Drink
733,Games
745,Business & Industrial
746,Hobbies & Leisure
751,Business & Industrial
749,Food & Drink
759,Games
752,Food & Drink
754,Arts & Entertainment
760,Sports
763,Beauty & Fitness
762,Computers & Electronics
756,Autos & Vehicles
758,Internet & Telecom
755,Arts & Entertainment
766,Shopping
773,Science
765,Games
764,Reference
757,Autos & Vehicles
761,Games
780,Business & Industrial
767,Food & Drink
769,Pets & Animals
771,Food & Drink
782,Shopping
786,Computers & Electronics
779,Games
768,Games
770,Business & Industrial
777,Games
785,Business & Industrial
776,Computers & Electronics
781,Beauty & Fitness
787,Arts & Entertainment
778,Business & Industrial
783,Home & Garden
774,Games
784,Games
792,Autos & Vehicles
791,Home & Garden
795,Games
788,Sports
805,Pets & Animals
772,Games
775,Internet & Telecom
802,Sports
801,Arts & Entertainment
793,Autos & Vehicles
790,Arts & Entertainment
796,Pets & Animals
794,Travel
800,Autos & Vehicles
804,Business & Industrial
803,Business & Industrial
809,Computers & Electronics
798,Business & Industrial
797,Pets & Animals
807,Arts & Entertainment
806,Jobs & Education
814,Food & Drink
799,Games
813,Food & Drink
789,Business & Industrial
808,Shopping
818,Home & Garden
816,Books & Literature
815,Games
810,Autos & Vehicles
817,Food & Drink
811,Sports
820,Business & Industrial
826,Games
829,Food & Drink
824,Finance
828,Games
821,Home & Garden
825,Hobbies & Leisure
819,Games
822,Games
835,Beauty & Fitness
833,Arts & Entertainment
831,Games
843,Arts & Entertainment
823,Food & Drink
827,Shopping
842,Arts & Entertainment
830,Autos & Vehicles
840,Arts & Entertainment
832,Shopping
837,Sports
852,Business & Industrial
844,Arts & Entertainment
841,Autos & Vehicles
812,Arts & Entertainment
836,Games
851,Games
868,Games
849,Shopping
847,Arts & Entertainment
850,Beauty & Fitness
862,Pets & Animals
869,Business & Industrial
860,Arts & Entertainment
856,Games
839,Shopping
838,Computers & Electronics
845,Games
834,Arts & Entertainment
870,Arts & Entertainment
848,Business & Industrial
846,Sports
858,Computers & Electronics
865,Games
866,Science
854,Travel
863,Games
880,Computers & Electronics
853,Games
876,Home & Garden
857,Jobs & Education
872,Games
859,Computers & Electronics
877,Food & Drink
873,Hobbies & Leisure
874,Sports
881,Games
871,Business & Industrial
855,Arts & Entertainment
879,Business & Industrial
875,Home & Garden
861,Reference
867,Business & Industrial
892,Food & Drink
889,Arts & Entertainment
898,Hobbies & Leisure
888,Sports
884,Sports
864,Arts & Entertainment
886,Health
887,Computers & Electronics
891,Autos & Vehicles
906,Hobbies & Leisure
900,Shopping
893,Games
882,Arts & Entertainment
878,Autos & Vehicles
890,Games
885,Law & Government
883,Food & Drink
901,Hobbies & Leisure
899,Business & Industrial
903,Food & Drink
908,Autos & Vehicles
902,Autos & Vehicles
907,Sports
895,Finance
919,Arts & Entertainment
896,Games
930,Food & Drink
897,Arts & Entertainment
912,Business & Industrial
914,Computers & Electronics
904,Games
917,Arts & Entertainment
894,Arts & Entertainment
910,Arts & Entertainment
926,Games
905,Autos & Vehicles
943,Computers & Electronics
928,Computers & Electronics
939,News
909,Shopping
934,Games
933,Beauty & Fitness
932,Shopping
921,Arts & Entertainment
916,Games
922,Arts & Entertainment
924,Games
913,Beauty & Fitness
923,Autos & Vehicles
929,Games
931,Beauty & Fitness
911,Hobbies & Leisure
937,Computers & Electronics
918,Sports
935,Games
955,Autos & Vehicles
938,Games
915,Games
920,Games
944,Hobbies & Leisure
936,Games
963,Games
952,Home & Garden
941,Games
951,Games
945,Sports
948,Sports
946,Science
961,Games
970,Arts & Entertainment
974,Computers & Electronics
927,Beauty & Fitness
978,Science
958,Hobbies & Leisure
925,Arts & Entertainment
960,Games
969,Food & Drink
979,Autos & Vehicles
942,Autos & Vehicles
965,Autos & Vehicles
975,Autos & Vehicles
950,Beauty & Fitness
949,Games
982,Business & Industrial
966,Home & Garden
940,Autos & Vehicles
953,People & Society
947,Arts & Entertainment
959,Games
973,Arts & Entertainment
962,Business & Industrial
977,Arts & Entertainment
956,Arts & Entertainment
972,Computers & Electronics
957,Autos & Vehicles
997,Internet & Telecom
984,Hobbies & Leisure
983,Science
967,Games
964,Pets & Animals
988,Autos & Vehicles
1007,Hobbies & Leisure
971,Computers & Electronics
981,Pets & Animals
968,Games
954,Arts & Entertainment
993,Business & Industrial
991,Food & Drink
996,Food & Drink
1005,Autos & Vehicles
1015,Business & Industrial
1009,Science
995,Hobbies & Leisure
986,Arts & Entertainment
1000,Autos & Vehicles
985,Travel
980,Sports
987,Arts & Entertainment
1016,Food & Drink
1011,Food & Drink
976,Games
999,Hobbies & Leisure
1002,Science
994,Business & Industrial
1006,Games
1033,Computers & Electronics
1050,Hobbies & Leisure
1013,Real Estate
1010,Computers & Electronics
998,Beauty & Fitness
1004,Games
1003,Travel
992,Home & Garden
1022,Games
1026,Games
1021,Games
989,Games
1008,Arts & Entertainment
1018,Games
1036,Arts & Entertainment
1024,Arts & Entertainment
1025,Business & Industrial
1029,Autos & Vehicles
1012,Autos & Vehicles
1020,Arts & Entertainment
1017,Home & Garden
990,Pets & Animals
1037,Shopping
1040,Autos & Vehicles
1039,Games
1031,Autos & Vehicles
1019,People & Society
1052,Business & Industrial
1028,Sports
1001,Arts & Entertainment
1055,Hobbies & Leisure
1065,Arts & Entertainment
1048,Pets & Animals
1032,Hobbies & Leisure
1069,Health
1058,Arts & Entertainment
1014,Science
1023,Arts & Entertainment
1054,Games
1030,Arts & Entertainment
1042,Business & Industrial
1061,Science
1051,Arts & Entertainment
1035,Autos & Vehicles
1034,Food & Drink
1041,Games
1053,Sports
1045,Food & Drink
1046,Law & Government
1067,Hobbies & Leisure
1027,Arts & Entertainment
1060,Business & Industrial
1049,Home & Garden
1062,Shopping
1056,Sports
1074,Science
1066,Computers & Electronics
1044,Science
1038,Autos & Vehicles
1073,Sports
1077,Business & Industrial
1043,Autos & Vehicles
1068,Hobbies & Leisure
1070,Arts & Entertainment
1064,Reference
1057,Business & Industrial
1072,Beauty & Fitness
1081,Food & Drink
1079,Business & Industrial
1059,Computers & Electronics
1063,Games
1071,Games
1104,Beauty & Fitness
1083,Autos & Vehicles
1089,Autos & Vehicles
1078,Hobbies & Leisure
1091,Computers & Electronics
1075,Arts & Entertainment
1085,Computers & Electronics
1080,Arts & Entertainment
1087,Autos & Vehicles
1084,Games
1099,Home & Garden
1082,Arts & Entertainment
1088,(Unknown)
1076,Pets & Animals
1086,Beauty & Fitness
1047,Games
1092,Games
1109,Arts & Entertainment
1098,Pets & Animals
1112,Business & Industrial
1110,Games
1094,Internet & Telecom
1111,Games
1095,Health
1113,Games
1097,Games
1096,Food & Drink
1101,Law & Government
1107,Food & Drink
1090,Science
1105,Shopping
1100,Arts & Entertainment
1117,Shopping
1093,Hobbies & Leisure
1106,Autos & Vehicles
1122,Pets & Animals
1119,Arts & Entertainment
1116,Games
1103,Beauty & Fitness
1128,Business & Industrial
1120,Science
1126,Food & Drink
1102,Pets & Animals
1108,Arts & Entertainment
1114,Games
1115,Food & Drink
1140,Arts & Entertainment
1124,Autos & Vehicles
1130,Games
1129,Arts & Entertainment
1141,Games
1125,People & Society
1118,Reference
1123,Home & Garden
1131,Computers & Electronics
1136,Food & Drink
1144,Autos & Vehicles
1149,Games
1135,Games
1121,Science
1137,Sports
1127,Arts & Entertainment
1132,Arts & Entertainment
1133,Arts & Entertainment
1157,Food & Drink
1146,Arts & Entertainment
1134,Business & Industrial
1143,Arts & Entertainment
1139,Sports
1159,Beauty & Fitness
1153,Shopping
1164,Business & Industrial
1138,Home & Garden
1151,People & Society
1155,Autos & Vehicles
1142,Autos & Vehicles
1145,Food & Drink
1150,Games
1154,Business & Industrial
1148,Business & Industrial
1161,Business & Industrial
1169,Games
1165,Food & Drink
1147,Sports
1162,Business & Industrial
1152,Home & Garden
1193,Games
1174,Business & Industrial
1160,Computers & Electronics
1185,Games
1158,Autos & Vehicles
1163,Food & Drink
1178,Autos & Vehicles
1182,Games
1166,Autos & Vehicles
1173,Sports
1176,Games
1184,Arts & Entertainment
1190,Arts & Entertainment
1198,Games
1175,Games
1167,Autos & Vehicles
1156,Food & Drink
1180,Computers & Electronics
1171,Business & Industrial
1179,Autos & Vehicles
1170,Games
1172,Arts & Entertainment
1181,Games
1186,Food & Drink
1188,Science
1201,Food & Drink
1177,Arts & Entertainment
1208,Law & Government
1183,Pets & Animals
1189,Food & Drink
1192,Autos & Vehicles
1209,Food & Drink
1214,Autos & Vehicles
1215,Games
1197,Autos & Vehicles
1168,Food & Drink
1202,Autos & Vehicles
1211,Computers & Electronics
1205,Autos & Vehicles
1196,Arts & Entertainment
1194,News
1203,Beauty & Fitness
1200,Business & Industrial
1238,Travel
1191,Arts & Entertainment
1199,Arts & Entertainment
1219,Autos & Vehicles
1217,Autos & Vehicles
1228,Games
1187,Shopping
1232,Games
1204,Games
1206,Pets & Animals
1210,Home & Garden
1239,Games
1241,Home & Garden
1221,Beauty & Fitness
1218,Arts & Entertainment
1223,Beauty & Fitness
1236,Arts & Entertainment
1212,Beauty & Fitness
1237,Shopping
1207,Games
1220,Games
1231,Games
1195,Hobbies & Leisure
1216,Computers & Electronics
1233,Sports
1213,Arts & Entertainment
1230,Games
1247,Pets & Animals
1234,Sports
1240,Autos & Vehicles
1257,Food & Drink
1224,Sports
1229,Games
1243,Business & Industrial
1255,Internet & Telecom
1259,Arts & Entertainment
1226,Reference
1242,Law & Government
1282,Autos & Vehicles
1222,Computers & Electronics
1254,Food & Drink
1227,Shopping
1235,Computers & Electronics
1244,Games
1269,Computers & Electronics
1258,Games
1290,Hobbies & Leisure
1278,Arts & Entertainment
1263,Pets & Animals
1275,Autos & Vehicles
1249,Games
1305,Business & Industrial
1270,Games
1256,Computers & Electronics
1262,Computers & Electronics
1250,Games
1267,Business & Industrial
1252,Autos & Vehicles
1248,Shopping
1272,Sports
1246,Computers & Electronics
1225,Pets & Animals
1245,Jobs & Education
1294,Games
1277,Business & Industrial
1273,Shopping
1298,Autos & Vehicles
1281,Sports
1288,Law & Government
1268,Games
1279,Games
1271,Autos & Vehicles
1274,Computers & Electronics
1265,Home & Garden
1286,Shopping
1260,Pets & Animals
1297,(Unknown)
1266,Autos & Vehicles
1296,Computers & Electronics
1280,Law & Government
1309,Books & Literature
1285,Computers & Electronics
1293,Sports
1276,Arts & Entertainment
1287,Pets & Animals
1292,Sports
1289,Hobbies & Leisure
1304,Games
1261,Food & Drink
1284,Games
1264,Hobbies & Leisure
1301,Games
1251,Games
1295,Arts & Entertainment
1299,Business & Industrial
1291,Food & Drink
1320,Hobbies & Leisure
1283,Shopping
1328,Sports
1253,Jobs & Education
1311,Business & Industrial
1303,Computers & Electronics
1330,Autos & Vehicles
1315,Games
1300,Home & Garden
1333,Travel
1307,Autos & Vehicles
1337,Arts & Entertainment
1313,Shopping
1323,Games
1325,Computers & Electronics
1338,Arts & Entertainment
1334,Science
1316,Autos & Vehicles
1319,Games
1312,Arts & Entertainment
1306,Computers & Electronics
1314,Autos & Vehicles
1327,Games
1340,Games
1317,Sports
1310,Autos & Vehicles
1318,Computers & Electronics
1329,Computers & Electronics
1322,Games
1324,Autos & Vehicles
1354,Arts & Entertainment
1339,Autos & Vehicles
1331,Games
1369,Games
1343,Arts & Entertainment
1346,Home & Garden
1326,Games
1342,Science
1352,Autos & Vehicles
1335,Games
1321,Internet & Telecom
1377,Games
1358,Games
1336,Games
1376,Sports
1344,Games
1366,Food & Drink
1308,Pets & Animals
1302,Computers & Electronics
1341,Games
1347,Games
1345,Computers & Electronics
1355,Games
1356,Food & Drink
1351,Arts & Entertainment
1348,Sports
1364,Games
1363,Science
1386,Autos & Vehicles
1383,Autos & Vehicles
1372,Autos & Vehicles
1332,People & Society
1367,Arts & Entertainment
1400,Shopping
1382,Autos & Vehicles
1357,People & Society
1375,Computers & Electronics
1392,Hobbies & Leisure
1380,Sports
1371,Autos & Vehicles
1349,Games
1393,Hobbies & Leisure
1389,Hobbies & Leisure
1353,Pets & Animals
1361,Games
1387,Hobbies & Leisure
1374,Arts & Entertainment
1398,Computers & Electronics
1378,Hobbies & Leisure
1379,Food & Drink
1381,Autos & Vehicles
1359,Law & Government
1360,Pets & Animals
1396,Hobbies & Leisure
1399,Autos & Vehicles
1385,(Unknown)
1404,Games
1365,Hobbies & Leisure
1370,Games
1424,Hobbies & Leisure
1373,Autos & Vehicles
1388,Arts & Entertainment
1403,Games
1410,Food & Drink
1362,Arts & Entertainment
1384,Games
1411,Food & Drink
1401,Games
1397,Autos & Vehicles
1395,Arts & Entertainment
1405,Games
1412,Autos & Vehicles
1394,Autos & Vehicles
1368,Autos & Vehicles
1417,Sports
1418,Games
1423,Sports
1391,Autos & Vehicles
1435,Autos & Vehicles
1390,Games
1406,Games
1409,Travel
1443,Home & Garden
1402,Food & Drink
1413,Games
1425,Autos & Vehicles
1441,(Unknown)
1350,Games
1415,Business & Industrial
1427,Games
1421,Shopping
1416,Arts & Entertainment
1426,Sports
1433,Autos & Vehicles
1420,Autos & Vehicles
1452,Pets & Animals
1448,Arts & Entertainment
1446,Games
1432,(Unknown)
1437,Computers & Electronics
1455,Beauty & Fitness
1414,Games
1436,Autos & Vehicles
1445,Games
1430,Business & Industrial
1408,Home & Garden
1458,Sports
1428,Business & Industrial
1429,Autos & Vehicles
1453,Business & Industrial
1434,Law & Government
1407,Autos & Vehicles
1419,Computers & Electronics
1431,Games
1454,Pets & Animals
1447,Autos & Vehicles
1469,Games
1472,Autos & Vehicles
1486,Pets & Animals
1439,Games
1468,Shopping
1461,Arts & Entertainment
1483,Games
1467,Law & Government
1484,Autos & Vehicles
1457,Reference
1444,Arts & Entertainment
1450,Business & Industrial
1460,Autos & Vehicles
1422,Games
1491,Games
1451,Pets & Animals
1459,Sports
1440,Hobbies & Leisure
1462,Computers & Electronics
1449,Sports
1482,Arts & Entertainment
1475,Games
1479,Games
1476,Arts & Entertainment
1465,Arts & Entertainment
1470,Business & Industrial
1438,Games
1471,Home & Garden
1516,Games
1498,Autos & Vehicles
1488,Home & Garden
1442,Hobbies & Leisure
1480,Business & Industrial
1456,Autos & Vehicles
1466,Pets & Animals
1505,Business & Industrial
1474,Hobbies & Leisure
1517,Shopping
1492,Autos & Vehicles
1464,Arts & Entertainment
1503,Hobbies & Leisure
1494,Hobbies & Leisure
1490,Games
1519,Autos & Vehicles
1481,Arts & Entertainment
1493,Health
1463,Sports
1533,Pets & Animals
1532,Business & Industrial
1497,Games
1487,Law & Government
1501,Food & Drink
1500,Beauty & Fitness
1553,Food & Drink
1478,Arts & Entertainment
1529,Games
1528,Food & Drink
1531,Games
1495,Computers & Electronics
1522,Games
1499,Arts & Entertainment
1509,Shopping
1473,Arts & Entertainment
1535,Autos & Vehicles
1513,Computers & Electronics
1504,Games
1544,Games
1551,Arts & Entertainment
1523,Arts & Entertainment
1506,Autos & Vehicles
1521,Computers & Electronics
1580,Science
1562,Games
1542,Arts & Entertainment
1540,Food & Drink
1502,Autos & Vehicles
1477,Arts & Entertainment
1520,News
1512,Games
1496,Food & Drink
1485,Games
1569,Autos & Vehicles
1536,Games
1534,Reference
1515,Beauty & Fitness
1552,Science
1547,Games
1546,Arts & Entertainment
1489,Food & Drink
1570,Games
1507,Arts & Entertainment
1518,Games
1527,Beauty & Fitness
1545,Arts & Entertainment
1560,Food & Drink
1510,Home & Garden
1514,Food & Drink
1583,Business & Industrial
1579,Arts & Entertainment
1574,Games
1524,Games
1526,Pets & Animals
1594,Arts & Entertainment
1557,Autos & Vehicles
1541,(Unknown)
1511,Pets & Animals
1572,Computers & Electronics
1548,Food & Drink
1565,Games
1508,Games
1564,Games
1538,Games
1584,Home & Garden
1582,Games
1525,Sports
1556,Business & Industrial
1588,Food & Drink
1567,Arts & Entertainment
1628,Autos & Vehicles
1555,Hobbies & Leisure
1598,Games
1543,Pets & Animals
1573,Games
1568,Shopping
1550,News
1539,Games
1578,Arts & Entertainment
1622,Autos & Vehicles
1563,Business & Industrial
1554,Shopping
1571,Games
1603,Travel
1616,Business & Industrial
1576,Food & Drink
1530,Games
1586,Games
1577,Home & Garden
1581,Computers & Electronics
1585,Law & Government
1549,Autos & Vehicles
1609,(Unknown)
1537,Shopping
1593,Food & Drink
1606,Games
1558,Games
1596,Games
1587,Computers & Electronics
1618,Games
1645,Computers & Electronics
1624,Sports
1601,Arts & Entertainment
1592,Autos & Vehicles
1617,Law & Government
1634,Arts & Entertainment
1629,Arts & Entertainment
1665,Games
1595,People & Society
1631,Games
1597,Autos & Vehicles
1590,Autos & Vehicles
1644,Arts & Entertainment
1632,Autos & Vehicles
1610,Games
1600,Law & Government
1566,Arts & Entertainment
1575,Autos & Vehicles
1559,Business & Industrial
1604,Games
1625,Business & Industrial
1615,Science
1591,Food & Drink
1561,Business & Industrial
1623,Games
1630,People & Society
1608,Home & Garden
1661,Reference
1605,Games
1614,Games
1702,Sports
1621,Autos & Vehicles
1589,Arts & Entertainment
1646,Pets & Animals
1643,Food & Drink
1652,Beauty & Fitness
1627,Pets & Animals
1607,Computers & Electronics
1611,Hobbies & Leisure
1626,Hobbies & Leisure
1613,Business & Industrial
1639,Science
1655,Beauty & Fitness
1620,Beauty & Fitness
1602,Autos & Vehicles
1612,Arts & Entertainment
1663,Hobbies & Leisure
1651,Business & Industrial
1653,Computers & Electronics
1669,Autos & Vehicles
1673,Business & Industrial
1638,Arts & Entertainment
1650,Arts & Entertainment
1599,Games
1667,Books & Literature
1696,Hobbies & Leisure
1654,Games
1633,Arts & Entertainment
1636,Games
1648,Computers & Electronics
1619,Business & Industrial
1649,Computers & Electronics
1635,(Unknown)
1640,Arts & Entertainment
1675,Food & Drink
1660,Home & Garden
1683,Autos & Vehicles
1658,Science
1666,Science
1642,Games
1671,Food & Drink
1703,Autos & Vehicles
1684,Food & Drink
1716,People & Society
1637,Shopping
1672,Food & Drink
1676,Reference
1692,Autos & Vehicles
1711,Pets & Animals
1680,Business & Industrial
1678,Autos & Vehicles
1647,Games
1679,Arts & Entertainment
1641,Reference
1729,Computers & Electronics
1677,Games
1688,Law & Government
1708,Autos & Vehicles
1704,Autos & Vehicles
1690,Arts & Entertainment
1664,Computers & Electronics
1674,Pets & Animals
1718,Computers & Electronics
1699,Arts & Entertainment
1659,Games
1723,Autos & Vehicles
1709,Autos & Vehicles
1756,Beauty & Fitness
1745,Business & Industrial
1668,Computers & Electronics
1706,Arts & Entertainment
1700,Arts & Entertainment
1662,Shopping
1691,Games
1715,Arts & Entertainment
1657,Autos & Vehicles
1682,Games
1733,Pets & Animals
1728,Computers & Electronics
1734,Games
1722,Games
1698,(Unknown)
1697,Arts & Entertainment
1694,Computers & Electronics
1670,Autos & Vehicles
1712,Shopping
1765,Business & Industrial
1685,Pets & Animals
1724,Autos & Vehicles
1735,Games
1717,Games
1714,Pets & Animals
1730,Computers & Electronics
1747,Autos & Vehicles
1736,Arts & Entertainment
1763,Shopping
1656,Home & Garden
1686,Games
1710,(Unknown)
1701,Games
1737,Sports
1720,Games
1705,Internet & Telecom
1693,Food & Drink
1707,Business & Industrial
1713,Computers & Electronics
1689,Autos & Vehicles
1748,Games
1753,Food & Drink
1739,Business & Industrial
1721,Arts & Entertainment
1725,Food & Drink
1749,Reference
1687,Games
1732,Autos & Vehicles
1743,Science
1754,Business & Industrial
1731,Autos & Vehicles
1767,Travel
1758,Science
1681,Sports
1751,Pets & Animals
1738,Autos & Vehicles
1831,Pets & Animals
1755,Pets & Animals
1785,Pets & Animals
1695,Business & Industrial
1771,Home & Garden
1726,Games
1719,Games
1794,Games
1746,Food & Drink
1812,Pets & Animals
1740,Games
1776,Jobs & Education
1775,Food & Drink
1799,Arts & Entertainment
1782,Beauty & Fitness
1759,Home & Garden
1774,Autos & Vehicles
1761,Games
1780,Games
1781,Arts & Entertainment
1769,Autos & Vehicles
1805,Travel
1788,Games
1727,Arts & Entertainment
1744,Arts & Entertainment
1801,Pets & Animals
1797,Business & Industrial
1783,Games
1741,Science
1778,Games
1742,Games
1804,Games
1800,Arts & Entertainment
1764,Food & Drink
1784,Business & Industrial
1777,Games
1842,Arts & Entertainment
1762,Autos & Vehicles
1792,Food & Drink
1791,Games
1752,Autos & Vehicles
1809,Computers & Electronics
1773,Games
1770,Computers & Electronics
1823,Hobbies & Leisure
1851,Beauty & Fitness
1757,Computers & Electronics
1833,Hobbies & Leisure
1779,Pets & Animals
1789,Autos & Vehicles
1768,(Unknown)
1766,Food & Drink
1760,Games
1798,Food & Drink
1790,Science
1821,Autos & Vehicles
1815,Home & Garden
1772,Food & Drink
1796,Food & Drink
1750,Arts & Entertainment
1848,Science
1832,Games
1816,Travel
1835,Pets & Animals
1854,Business & Industrial
1830,Arts & Entertainment
1858,Computers & Electronics
1839,(Unknown)
1828,Beauty & Fitness
1786,Shopping
1863,Pets & Animals
1837,Sports
1810,Arts & Entertainment
1795,Pets & Animals
1826,Games
1808,Autos & Vehicles
1819,Computers & Electronics
1861,Hobbies & Leisure
1836,Games
1787,Games
1818,Business & Industrial
1844,Games
1803,Travel
1838,Science
1888,Autos & Vehicles
1806,Computers & Electronics
1811,People & Society
1859,Games
1793,Computers & Electronics
1876,Business & Industrial
1871,Computers & Electronics
1822,Food & Drink
1820,Business & Industrial
1829,Games
1817,Games
1825,Autos & Vehicles
1841,Autos & Vehicles
1834,Games
1824,Pets & Animals
1814,Autos & Vehicles
1878,Games
1840,People & Society
1807,Travel
1827,Food & Drink
1869,Games
1883,Business & Industrial
1860,Arts & Entertainment
1845,Food & Drink
1802,Games
1872,Business & Industrial
1940,Arts & Entertainment
1952,Autos & Vehicles
1875,Shopping
1885,Computers & Electronics
1892,Autos & Vehicles
1849,Games
1903,Games
1853,Business & Industrial
1852,Autos & Vehicles
1868,Games
1879,Games
1946,Autos & Vehicles
1850,Health
1866,(Unknown)
1857,Arts & Entertainment
1865,Sports
1890,Computers & Electronics
1846,Beauty & Fitness
1880,Hobbies & Leisure
1862,Arts & Entertainment
1867,Shopping
1843,Food & Drink
1813,Games
1898,Computers & Electronics
1928,Home & Garden
1918,Science
1877,Sports
1873,Arts & Entertainment
1906,Science
1886,Games
1847,(Unknown)
1855,Pets & Animals
1937,Sports
1961,Business & Industrial
1870,Games
1899,Computers & Electronics
1896,Computers & Electronics
1910,Pets & Animals
1909,Games
1897,Travel
1934,Shopping
1881,Autos & Vehicles
1889,Computers & Electronics
1856,Law & Government
1927,Home & Garden
1949,Sports
1887,Games
1942,Food & Drink
1945,Jobs & Education
1912,Arts & Entertainment
1900,Science
1943,Food & Drink
1962,Autos & Vehicles
1932,News
1884,Autos & Vehicles
1921,Travel
1929,Games
1864,Games
1954,Pets & Animals
1955,Games
1944,Shopping
1913,Autos & Vehicles
1926,Home & Garden
1957,Games
1901,Games
1882,Food & Drink
1894,Autos & Vehicles
1925,Business & Industrial
1959,Autos & Vehicles
1874,Computers & Electronics
1968,(Unknown)
1936,People & Society
1920,Business & Industrial
1933,Sports
1963,Games
1905,Computers & Electronics
1907,Business & Industrial
1938,Hobbies & Leisure
1966,Pets & Animals
1948,Reference
1914,Business & Industrial
1956,Autos & Vehicles
1922,Games
1895,Arts & Entertainment
1911,Science
2015,Games
1930,Autos & Vehicles
1947,Home & Garden
1969,Hobbies & Leisure
1971,Food & Drink
1893,Games
2016,Games
1978,Autos & Vehicles
1981,Arts & Entertainment
1939,(Unknown)
1915,Arts & Entertainment
1977,Home & Garden
1908,Autos & Vehicles
2011,Autos & Vehicles
1950,Business & Industrial
1917,Games
1891,Home & Garden
1982,Business & Industrial
1965,Sports
1993,News
1998,Shopping
1997,Arts & Entertainment
2028,Computers & Electronics
1991,Games
1916,Autos & Vehicles
1974,Autos & Vehicles
1973,Food & Drink
1904,Autos & Vehicles
2001,Arts & Entertainment
1931,Arts & Entertainment
1976,Games
1987,(Unknown)
1970,Games
1964,News
2055,Business & Industrial
1953,Games
1972,Computers & Electronics
1989,Games
1923,Autos & Vehicles
1979,Games
2005,Games
1958,Computers & Electronics
1902,Games
2035,Computers & Electronics
1941,Games
2012,Business & Industrial
1995,Autos & Vehicles
1919,Sports
2032,People & Society
2026,Pets & Animals
2031,Food & Drink
2039,Home & Garden
2052,Arts & Entertainment
1996,Arts & Entertainment
1983,Computers & Electronics
1924,Games
2107,Sports
1990,(Unknown)
1967,Arts & Entertainment
1980,Computers & Electronics
1951,Arts & Entertainment
2021,Arts & Entertainment
1935,(Unknown)
1988,Computers & Electronics
1975,Hobbies & Leisure
2009,Games
2000,Business & Industrial
1960,Arts & Entertainment
2036,Autos & Vehicles
2053,Pets & Animals
2022,Games
2017,Games
2003,Games
1999,Autos & Vehicles
2023,Business & Industrial
2018,Autos & Vehicles
2047,Computers & Electronics
2019,Computers & Electronics
2034,Food & Drink
2043,Games
2123,Games
2056,Arts & Entertainment
2079,Arts & Entertainment
2010,Arts & Entertainment
2006,Autos & Vehicles
1984,Games
2025,Computers & Electronics
2041,Games
1992,Games
2014,Computers & Electronics
1994,Food & Drink
2029,Games
1985,Games
2105,Real Estate
2089,(Unknown)
2042,Arts & Entertainment
2060,Games
2070,Games
2046,Business & Industrial
2037,Games
2044,Business & Industrial
2061,Games
2013,People & Society
2057,Food & Drink
2054,Food & Drink
2004,Food & Drink
2033,Arts & Entertainment
2127,Autos & Vehicles
2074,Autos & Vehicles
2038,Business & Industrial
2103,Arts & Entertainment
1986,Food & Drink
2100,Computers & Electronics
2007,Food & Drink
2091,Business & Industrial
2066,Food & Drink
2062,Games
2072,Games
2125,Autos & Vehicles
2098,Arts & Entertainment
2097,Business & Industrial
2086,Computers & Electronics
2141,Arts & Entertainment
2058,Computers & Electronics
2112,Computers & Electronics
2008,Arts & Entertainment
2126,Business & Industrial
2030,Arts & Entertainment
2083,Science
2092,Business & Industrial
2065,Home & Garden
2045,Autos & Vehicles
2136,Games
2138,Books & Literature
2040,(Unknown)
2069,Food & Drink
2115,Sports
2049,Computers & Electronics
2150,Games
2078,Games
2131,Food & Drink
2027,Arts & Entertainment
2095,Games
2135,Home & Garden
2142,Pets & Animals
2059,Autos & Vehicles
2076,Home & Garden
2132,Autos & Vehicles
2075,Autos & Vehicles
2002,News
2084,Autos & Vehicles
2071,Business & Industrial
2101,Autos & Vehicles
2050,Arts & Entertainment
2124,Arts & Entertainment
2090,Sports
2099,Computers & Electronics
2122,Hobbies & Leisure
2119,Hobbies & Leisure
2118,Shopping
2110,Games
2121,Arts & Entertainment
2087,Food & Drink
2024,Business & Industrial
2067,Autos & Vehicles
2180,Jobs & Education
2096,Arts & Entertainment
2114,Autos & Vehicles
2048,Pets & Animals
2051,Food & Drink
2102,Beauty & Fitness
2108,Food & Drink
2120,Games
2159,Business & Industrial
2020,Computers & Electronics
2128,Arts & Entertainment
2143,Arts & Entertainment
2093,Reference
2113,Home & Garden
2158,Autos & Vehicles
2140,Autos & Vehicles
2148,Arts & Entertainment
2109,Sports
2063,Arts & Entertainment
2149,Business & Industrial
2073,Autos & Vehicles
2104,Computers & Electronics
2085,Business & Industrial
2156,Autos & Vehicles
2152,Food & Drink
2187,Arts & Entertainment
2129,Games
2160,Food & Drink
2139,Reference
2064,Computers & Electronics
2174,Arts & Entertainment
2080,Autos & Vehicles
2162,Games
2117,Sports
2134,Hobbies & Leisure
2165,Games
2088,Pets & Animals
2106,Pets & Animals
2151,Arts & Entertainment
2116,Autos & Vehicles
2178,Food & Drink
2153,Pets & Animals
2077,Autos & Vehicles
2111,Games
2189,Shopping
2130,Business & Industrial
2188,Computers & Electronics
2238,Computers & Electronics
2173,Science
2176,Reference
2195,Autos & Vehicles
2094,Food & Drink
2175,Arts & Entertainment
2191,Arts & Entertainment
2081,Arts & Entertainment
2157,(Unknown)
2147,Games
2144,Arts & Entertainment
2154,Food & Drink
2177,Home & Garden
2082,Pets & Animals
2169,Computers & Electronics
2146,Games
2206,Food & Drink
2266,Pets & Animals
2172,Business & Industrial
2270,Autos & Vehicles
2137,Computers & Electronics
2185,Food & Drink
2133,(Unknown)
2167,Games
2197,Travel
2209,Computers & Electronics
2226,Games
2168,Science
2204,Science
2068,Arts & Entertainment
2257,Business & Industrial
2200,Games
2214,People & Society
2184,Food & Drink
2166,Arts & Entertainment
2164,Games
2230,Business & Industrial
2163,Games
2263,Computers & Electronics
2222,Science
2161,Business & Industrial
2194,Pets & Animals
2190,Games
2211,Science
2155,Health
2216,Food & Drink
2208,Arts & Entertainment
2170,Computers & Electronics
2289,Science
2179,Games
2171,Games
2215,Pets & Animals
2254,Science
2201,(Unknown)
2198,Books & Literature
2244,Autos & Vehicles
2258,Arts & Entertainment
2243,Arts & Entertainment
2203,Games
2267,Games
2221,Business & Industrial
2213,Autos & Vehicles
2240,Games
2268,Business & Industrial
2299,Law & Government
2192,Autos & Vehicles
2181,Food & Drink
2205,Food & Drink
2218,Business & Industrial
2210,Games
2196,Games
2199,Autos & Vehicles
2291,Autos & Vehicles
2224,Games
2247,Games
2273,Arts & Entertainment
2207,(Unknown)
2231,Shopping
2287,People & Society
2300,Games
2248,Pets & Animals
2225,Games
2305,Home & Garden
2279,Autos & Vehicles
2183,Games
2202,Food & Drink
2275,Autos & Vehicles
2294,Shopping
2212,Pets & Animals
2256,Pets & Animals
2239,Beauty & Fitness
2260,Sports
2232,Business & Industrial
2182,Arts & Entertainment
2259,Pets & Animals
2246,Autos & Vehicles
2241,Autos & Vehicles
2271,Games
2282,Games
2236,Business & Industrial
2245,Games
2325,Shopping
2274,Arts & Entertainment
2265,Business & Industrial
2186,Arts & Entertainment
2297,Arts & Entertainment
2219,Games
2252,Games
2281,Arts & Entertainment
2352,Food & Drink
2235,Games
2217,(Unknown)
2253,Autos & Vehicles
2401,Pets & Animals
2145,Games
2249,Arts & Entertainment
2331,Autos & Vehicles
2242,Games
2296,Food & Drink
2264,Computers & Electronics
2321,Food & Drink
2329,Business & Industrial
2278,Games
2251,Autos & Vehicles
2292,Autos & Vehicles
2237,(Unknown)
2369,Business & Industrial
2233,Autos & Vehicles
2223,Food & Drink
2227,Hobbies & Leisure
2269,Games
2337,Shopping
2293,Autos & Vehicles
2350,Hobbies & Leisure
2220,Autos & Vehicles
2303,Computers & Electronics
2355,Computers & Electronics
2332,Hobbies & Leisure
2366,Business & Industrial
2228,Food & Drink
2250,Business & Industrial
2276,Beauty & Fitness
2277,Business & Industrial
2323,Books & Literature
2290,Autos & Vehicles
2330,(Unknown)
2262,Travel
2286,Business & Industrial
2342,Games
2193,Autos & Vehicles
2302,Autos & Vehicles
2392,Food & Drink
2283,Business & Industrial
2308,Arts & Entertainment
2387,Arts & Entertainment
2335,(Unknown)
2304,Games
2307,Arts & Entertainment
2310,Autos & Vehicles
2311,Arts & Entertainment
2354,Games
2319,Science
2386,Business & Industrial
2381,Games
2229,Business & Industrial
2318,Food & Drink
2398,Food & Drink
2285,Science
2316,Computers & Electronics
2388,Arts & Entertainment
2344,Games
2370,Health
2358,Autos & Vehicles
2306,Autos & Vehicles
2309,Home & Garden
2280,Arts & Entertainment
2320,Shopping
2363,Autos & Vehicles
2272,Computers & Electronics
2284,Arts & Entertainment
2312,Food & Drink
2428,Arts & Entertainment
2333,Computers & Electronics
2313,Arts & Entertainment
2451,Computers & Electronics
2255,Games
2295,Games
2435,Games
2347,Arts & Entertainment
2375,Arts & Entertainment
2396,Reference
2288,Games
2424,Arts & Entertainment
2418,Science
2368,Hobbies & Leisure
2317,Games
2353,Business & Industrial
2385,Beauty & Fitness
2334,Computers & Electronics
2365,Computers & Electronics
2336,Books & Literature
2343,Computers & Electronics
2261,Arts & Entertainment
2315,Food & Drink
2357,Games
2438,Science
2340,(Unknown)
2372,Books & Literature
2327,Beauty & Fitness
2298,Pets & Animals
2376,Pets & Animals
2349,Games
2382,Games
2389,Home & Garden
2390,Sports
2328,Arts & Entertainment
2301,Computers & Electronics
2314,(Unknown)
2393,Shopping
2454,Computers & Electronics
2322,Arts & Entertainment
2404,Hobbies & Leisure
2373,Beauty & Fitness
2371,Autos & Vehicles
2348,Arts & Entertainment
2361,Home & Garden
2439,Travel
2234,Games
2324,Games
2405,Business & Industrial
2399,Arts & Entertainment
2406,Arts & Entertainment
2383,Games
2364,Pets & Animals
2362,Business & Industrial
2464,Games
2452,Computers & Electronics
2378,Games
2422,Law & Government
2379,(Unknown)
2367,Autos & Vehicles
2515,Arts & Entertainment
2432,Games
2403,Arts & Entertainment
2466,Autos & Vehicles
2415,Finance
2462,Home & Garden
2447,Home & Garden
2414,Computers & Electronics
2360,Games
2377,Games
2410,(Unknown)
2411,Games
2412,Games
2391,Autos & Vehicles
2476,Business & Industrial
2446,Home & Garden
2440,Food & Drink
2413,Science
2425,Pets & Animals
2326,Games
2457,(Unknown)
2459,Shopping
2374,Travel
2444,Pets & Animals
2394,Business & Industrial
2397,Autos & Vehicles
2467,Computers & Electronics
2346,Pets & Animals
2408,Autos & Vehicles
2356,Games
2345,Games
2431,Travel
2338,Games
2420,Arts & Entertainment
2384,Sports
2448,Food & Drink
2436,Food & Drink
2341,Sports
2423,Beauty & Fitness
2520,Books & Literature
2496,Games
2400,Beauty & Fitness
2475,Games
2442,Arts & Entertainment
2511,Games
2416,Games
2443,Reference
2351,Home & Garden
2359,Business & Industrial
2450,Home & Garden
2602,(Unknown)
2395,Science
2430,Law & Government
2605,Pets & Animals
2474,Home & Garden
2458,Business & Industrial
2455,Pets & Animals
2548,Arts & Entertainment
2426,Business & Industrial
2550,Computers & Electronics
2526,Autos & Vehicles
2453,Autos & Vehicles
2500,Computers & Electronics
2465,(Unknown)
2509,(Unknown)
2433,Computers & Electronics
2445,Shopping
2506,Games
2427,Arts & Entertainment
2585,Science
2419,Food & Drink
2568,Autos & Vehicles
2441,Home & Garden
2407,Computers & Electronics
2434,Sports
2402,Arts & Entertainment
2339,Games
2482,Home & Garden
2562,Science
2498,Games
2505,Business & Industrial
2417,Shopping
2510,Arts & Entertainment
2479,Home & Garden
2456,Books & Literature
2493,Autos & Vehicles
2676,Computers & Electronics
2596,Sports
2559,Autos & Vehicles
2535,Games
2555,Games
2536,Real Estate
2490,Food & Drink
2512,Autos & Vehicles
2409,(Unknown)
2471,(Unknown)
2514,Games
2543,Pets & Animals
2521,Food & Drink
2492,Business & Industrial
2469,Arts & Entertainment
2429,Food & Drink
2478,Games
2592,Beauty & Fitness
2523,Games
2557,Computers & Electronics
2486,Autos & Vehicles
2380,Hobbies & Leisure
2569,Arts & Entertainment
2507,Games
2477,Autos & Vehicles
2463,(Unknown)
2421,Business & Industrial
2497,Arts & Entertainment
2488,Food & Drink
2572,Business & Industrial
2504,Autos & Vehicles
2587,Food & Drink
2499,Autos & Vehicles
2502,Home & Garden
2527,Travel
2461,Home & Garden
2518,Computers & Electronics
2574,Science
2487,Arts & Entertainment
2516,Computers & Electronics
2597,Food & Drink
2624,Arts & Entertainment
2612,Computers & Electronics
2599,Autos & Vehicles
2494,Sports
2489,Shopping
2532,Autos & Vehicles
2472,Autos & Vehicles
2508,Games
2636,Pets & Animals
2600,Home & Garden
2556,Games
2552,Autos & Vehicles
2480,Hobbies & Leisure
2437,Games
2567,Food & Drink
2554,Shopping
2541,(Unknown)
2707,Games
2522,Shopping
2617,Games
2501,Pets & Animals
2473,Home & Garden
2544,Travel
2558,Autos & Vehicles
2530,People & Society
2579,Pets & Animals
2540,Games
2483,Arts & Entertainment
2571,Shopping
2517,Autos & Vehicles
2576,Arts & Entertainment
2528,Autos & Vehicles
2484,Computers & Electronics
2549,Shopping
2575,Autos & Vehicles
2460,Games
2538,Food & Drink
2582,Arts & Entertainment
2491,Arts & Entertainment
2485,Computers & Electronics
2590,Pets & Animals
2470,Reference
2578,People & Society
2639,Business & Industrial
2561,Food & Drink
2481,Food & Drink
2581,Autos & Vehicles
2545,Food & Drink
2593,People & Society
2449,Food & Drink
2613,Autos & Vehicles
2607,Reference
2519,Hobbies & Leisure
2546,Home & Garden
2588,Arts & Entertainment
2564,Pets & Animals
2495,Food & Drink
2724,Games
2635,Shopping
2524,Games
2563,Autos & Vehicles
2609,Pets & Animals
2703,Arts & Entertainment
2577,Home & Garden
2570,Computers & Electronics
2667,Business & Industrial
2560,Sports
2586,Pets & Animals
2553,Autos & Vehicles
2525,Games
2626,Science
2647,Science
2513,Games
2503,(Unknown)
2539,Shopping
2656,Arts & Entertainment
2618,Food & Drink
2603,Pets & Animals
2468,Hobbies & Leisure
2601,Games
2608,Business & Industrial
2650,Food & Drink
2629,Arts & Entertainment
2614,Internet & Telecom
2669,(Unknown)
2537,Pets & Animals
2604,Food & Drink
2529,Arts & Entertainment
2619,Computers & Electronics
2610,Arts & Entertainment
2628,Hobbies & Leisure
2533,Shopping
2542,Computers & Electronics
2654,Games
2693,(Unknown)
2659,Business & Industrial
2547,Autos & Vehicles
2664,Home & Garden
2756,Arts & Entertainment
2682,Autos & Vehicles
2663,Hobbies & Leisure
2534,Games
2611,Games
2798,Sports
2566,Home & Garden
2683,Computers & Electronics
2632,Autos & Vehicles
2685,Autos & Vehicles
2616,People & Society
2657,Games
2730,Arts & Entertainment
2641,Computers & Electronics
2644,Autos & Vehicles
2627,Games
2653,Games
2595,Reference
2615,Computers & Electronics
2642,(Unknown)
2772,Autos & Vehicles
2631,Home & Garden
2696,Hobbies & Leisure
2677,Home & Garden
2713,Games
2652,Food & Drink
2671,Arts & Entertainment
2719,Reference
2698,Games
2621,Games
2668,Autos & Vehicles
2598,Computers & Electronics
2634,News
2551,Reference
2625,Pets & Animals
2622,Shopping
2620,Games
2672,Games
2736,Hobbies & Leisure
2583,Food & Drink
2645,Science
2728,Business & Industrial
2589,Games
2649,Games
2573,(Unknown)
2723,Business & Industrial
2687,Autos & Vehicles
2661,(Unknown)
2580,Travel
2623,(Unknown)
2531,Games
2764,Reference
2658,Shopping
2705,Computers & Electronics
2670,Arts & Entertainment
2679,Arts & Entertainment
2630,Home & Garden
2706,Arts & Entertainment
2594,Home & Garden
2674,Arts & Entertainment
2733,Food & Drink
2684,People & Society
2686,Sports
2655,Games
2675,Reference
2737,Games
2638,Games
2695,Pets & Animals
2753,Science
2565,Games
2662,Arts & Entertainment
2606,Food & Drink
2795,Games
2689,Books & Literature
2718,Food & Drink
2704,Games
2643,Finance
2817,Games
2591,Business & Industrial
2633,Business & Industrial
2767,Autos & Vehicles
2752,Business & Industrial
2710,Autos & Vehicles
2665,Computers & Electronics
2680,Autos & Vehicles
2782,Pets & Animals
2786,Hobbies & Leisure
2746,Food & Drink
2787,Home & Garden
2780,Autos & Vehicles
2747,Games
2694,Autos & Vehicles
2584,Pets & Animals
2690,(Unknown)
2648,Food & Drink
2725,Home & Garden
2743,Travel
2692,Arts & Entertainment
2715,Food & Drink
2714,Shopping
2801,Arts & Entertainment
2691,Food & Drink
2702,Sports
2791,Autos & Vehicles
2738,Games
2763,(Unknown)
2651,Food & Drink
2711,Computers & Electronics
2820,Science
2745,Internet & Telecom
2720,Food & Drink
2741,Autos & Vehicles
2637,Science
2739,Arts & Entertainment
2701,(Unknown)
2742,Autos & Vehicles
2660,Health
2748,Games
2773,(Unknown)
2726,(Unknown)
2700,Sports
2646,Arts & Entertainment
2759,(Unknown)
2796,Autos & Vehicles
2721,Autos & Vehicles
2681,Hobbies & Leisure
2732,Arts & Entertainment
2800,Games
2673,Computers & Electronics
2708,Games
2770,Computers & Electronics
2794,Pets & Animals
2775,Home & Garden
2640,Arts & Entertainment
2716,Games
2757,Food & Drink
2777,Internet & Telecom
2760,Business & Industrial
2778,Computers & Electronics
2709,Science
2804,Reference
2688,People & Society
2678,Pets & Animals
2792,Games
2863,Games
2815,Reference
2722,Autos & Vehicles
2781,Shopping
2797,Food & Drink
2768,Games
2808,Autos & Vehicles
2813,Games
2832,Pets & Animals
2805,Business & Industrial
2806,Pets & Animals
2758,Hobbies & Leisure
2807,Computers & Electronics
2836,(Unknown)
2765,Games
2697,Autos & Vehicles
2858,Science
2932,Business & Industrial
2851,Games
2861,Autos & Vehicles
2751,Business & Industrial
2731,Games
2769,Games
2729,Autos & Vehicles
2835,Computers & Electronics
3028,Arts & Entertainment
2699,Arts & Entertainment
2823,Games
2712,Games
2740,Autos & Vehicles
2810,Autos & Vehicles
2799,(Unknown)
2789,People & Society
2856,Computers & Electronics
2785,Pets & Animals
2774,(Unknown)
2790,Home & Garden
2666,Games
2755,Arts & Entertainment
2825,Autos & Vehicles
2829,Games
2802,Autos & Vehicles
2881,Autos & Vehicles
2890,Autos & Vehicles
2766,Games
2744,Science
2875,Pets & Animals
2888,Shopping
2872,Finance
2882,Pets & Animals
2857,Science
2852,Games
2920,(Unknown)
2783,Computers & Electronics
2853,Arts & Entertainment
2821,Autos & Vehicles
2850,Arts & Entertainment
3001,Home & Garden
2869,Games
2847,Arts & Entertainment
2878,Autos & Vehicles
2902,Autos & Vehicles
2864,Food & Drink
2779,Autos & Vehicles
2917,Computers & Electronics
2754,Games
2735,Science
2860,Arts & Entertainment
2953,Business & Industrial
2734,Food & Drink
2811,Games
2910,Home & Garden
2837,Autos & Vehicles
2749,Games
2762,Games
2845,Games
2814,Autos & Vehicles
2826,Games
2833,Law & Government
2784,Autos & Vehicles
2978,Games
2931,Autos & Vehicles
2809,Autos & Vehicles
2771,Pets & Animals
2776,Home & Garden
2874,Travel
2812,Pets & Animals
2891,Arts & Entertainment
2819,Games
2750,Business & Industrial
2942,(Unknown)
2827,Games
2788,(Unknown)
2717,Games
2905,Autos & Vehicles
2830,Arts & Entertainment
2849,Computers & Electronics
2909,People & Society
2842,Arts & Entertainment
2893,Games
2761,Arts & Entertainment
2945,Food & Drink
2831,Food & Drink
2923,Games
2866,Internet & Telecom
2876,Business & Industrial
2897,Computers & Electronics
2967,Books & Literature
2867,Food & Drink
2877,Games
2900,Games
2848,Sports
2873,Computers & Electronics
2885,Autos & Vehicles
2838,Food & Drink
2793,Internet & Telecom
2895,Sports
2727,Autos & Vehicles
2846,Business & Industrial
2854,Beauty & Fitness
2922,Games
2865,Games
2803,Computers & Electronics
2969,Business & Industrial
2901,Food & Drink
2974,Games
2925,Games
2824,Sports
2834,Autos & Vehicles
2924,Hobbies & Leisure
2963,Computers & Electronics
2899,Food & Drink
2816,Autos & Vehicles
2828,Computers & Electronics
2844,Games
2822,Games
2894,Food & Drink
2935,Beauty & Fitness
2954,Food & Drink
2971,Arts & Entertainment
2880,Business & Industrial
2818,Games
2951,People & Society
2911,Law & Government
2841,Hobbies & Leisure
2946,Food & Drink
2886,Games
2914,Arts & Entertainment
2988,(Unknown)
2981,Business & Industrial
2870,Arts & Entertainment
2904,Food & Drink
2957,Business & Industrial
3003,Games
2934,Computers & Electronics
3021,Arts & Entertainment
2962,Computers & Electronics
2889,Games
2862,Computers & Electronics
2859,Autos & Vehicles
2936,Autos & Vehicles
2990,Games
2898,Games
2989,Games
2966,Food & Drink
2943,(Unknown)
3002,Games
2892,Internet & Telecom
2855,Arts & Entertainment
2843,Autos & Vehicles
2979,Arts & Entertainment
2982,Arts & Entertainment
2980,Autos & Vehicles
2949,Pets & Animals
2952,Food & Drink
3013,Internet & Telecom
2915,Computers & Electronics
3037,Autos & Vehicles
2868,Sports
2884,Pets & Animals
3006,Home & Garden
3060,Food & Drink
2903,Business & Industrial
3014,Games
2938,Food & Drink
2944,Sports
3011,(Unknown)
2950,Games
2839,(Unknown)
2840,Games
2908,Games
2976,Autos & Vehicles
2986,Computers & Electronics
3017,Science
2930,Arts & Entertainment
3147,Autos & Vehicles
2991,Games
2926,Sports
3016,Computers & Electronics
2916,Science
3052,Business & Industrial
2940,Games
2941,(Unknown)
3030,Arts & Entertainment
2992,Arts & Entertainment
2871,Autos & Vehicles
3026,(Unknown)
3045,(Unknown)
2879,Computers & Electronics
3092,Science
2933,Arts & Entertainment
3070,Food & Drink
3061,Business & Industrial
3007,Autos & Vehicles
2997,Home & Garden
3004,Sports
2948,Sports
3066,Autos & Vehicles
3043,Computers & Electronics
3100,Food & Drink
2887,Arts & Entertainment
3018,Business & Industrial
2960,Reference
2975,Games
3027,Autos & Vehicles
2912,Games
2937,Arts & Entertainment
3140,Beauty & Fitness
2987,Arts & Entertainment
2896,Arts & Entertainment
3104,Autos & Vehicles
3047,Computers & Electronics
3127,Business & Industrial
2907,Arts & Entertainment
2973,Arts & Entertainment
3024,Autos & Vehicles
2996,Arts & Entertainment
2955,Autos & Vehicles
3085,Shopping
2883,Business & Industrial
2970,Science
3121,Computers & Electronics
3055,Arts & Entertainment
2906,(Unknown)
3029,Autos & Vehicles
3008,Arts & Entertainment
3031,Computers & Electronics
2928,Games
3064,(Unknown)
3076,Games
3171,Science
3168,Arts & Entertainment
3068,(Unknown)
2919,Games
2983,Games
3040,Science
2956,Food & Drink
2985,Pets & Animals
3041,Computers & Electronics
2921,(Unknown)
3057,Business & Industrial
3012,Arts & Entertainment
2939,Games
3023,Arts & Entertainment
3042,People & Society
2965,Reference
3082,(Unknown)
3033,Business & Industrial
2995,Games
3050,Law & Government
3077,Shopping
3032,Games
3095,Games
3091,Games
3015,Games
3103,Arts & Entertainment
3141,Food & Drink
2999,(Unknown)
3044,Autos & Vehicles
2929,Arts & Entertainment
3049,Computers & Electronics
3101,Arts & Entertainment
3086,Games
3153,Arts & Entertainment
3089,Food & Drink
2918,Home & Garden
3133,Reference
3233,(Unknown)
2977,Arts & Entertainment
2927,Science
3071,Autos & Vehicles
3065,Games
3022,Food & Drink
3135,People & Society
3221,Arts & Entertainment
2968,Science
3106,Autos & Vehicles
2947,Computers & Electronics
3096,Arts & Entertainment
3009,Autos & Vehicles
2984,Computers & Electronics
3165,Games
2958,(Unknown)
3138,Food & Drink
3020,Food & Drink
3154,Home & Garden
3257,Arts & Entertainment
2913,Hobbies & Leisure
2993,(Unknown)
2961,Business & Industrial
3088,Food & Drink
3035,Autos & Vehicles
3190,Games
3215,Travel
3155,Hobbies & Leisure
3098,Arts & Entertainment
3128,Home & Garden
3010,Business & Industrial
3196,(Unknown)
3069,Games
3087,Games
3039,Games
3062,Business & Industrial
3063,Arts & Entertainment
3019,Arts & Entertainment
3048,News
3258,Games
3144,Sports
3174,Shopping
3054,Games
3105,Computers & Electronics
3038,Arts & Entertainment
3241,Autos & Vehicles
3046,Arts & Entertainment
3078,Games
3080,Pets & Animals
3079,Autos & Vehicles
3025,Shopping
3059,Food & Drink
3051,Autos & Vehicles
3005,Autos & Vehicles
3074,Sports
3172,Hobbies & Leisure
3160,Hobbies & Leisure
3000,Sports
3225,Games
3053,Arts & Entertainment
3132,Science
3185,Games
3117,Autos & Vehicles
3113,Home & Garden
3229,Business & Industrial
3198,Games
3123,Arts & Entertainment
3110,(Unknown)
3204,Sports
2998,Arts & Entertainment
3193,Autos & Vehicles
3142,Computers & Electronics
3186,People & Society
2994,Arts & Entertainment
3212,Autos & Vehicles
3122,Games
2959,Arts & Entertainment
2972,Pets & Animals
3126,Hobbies & Leisure
3237,Finance
3180,Games
3149,Shopping
3072,Games
3194,Science
3058,Autos & Vehicles
3067,Games
2964,(Unknown)
3093,(Unknown)
3083,Business & Industrial
3084,Autos & Vehicles
3075,Food & Drink
3224,Shopping
3337,Shopping
3081,Arts & Entertainment
3097,Arts & Entertainment
3178,Pets & Animals
3246,Autos & Vehicles
3158,Science
3205,People & Society
3159,Home & Garden
3073,Games
3134,Games
3282,Food & Drink
3234,Arts & Entertainment
3288,Games
3124,(Unknown)
3206,Computers & Electronics
3253,Pets & Animals
3118,Games
3298,Arts & Entertainment
3108,Computers & Electronics
3112,Computers & Electronics
3232,Reference
3291,Hobbies & Leisure
3203,Home & Garden
3216,Games
3130,People & Society
3150,Shopping
3102,Games
3248,People & Society
3036,Computers & Electronics
3228,Science
3125,Business & Industrial
3256,Autos & Vehicles
3109,News
3218,People & Society
3265,Hobbies & Leisure
3119,Games
3139,Hobbies & Leisure
3137,Arts & Entertainment
3188,Books & Literature
3182,Business & Industrial
3361,Computers & Electronics
3217,Food & Drink
3163,Pets & Animals
3191,People & Society
3136,Computers & Electronics
3201,Arts & Entertainment
3307,Games
3235,(Unknown)
3244,Computers & Electronics
3166,Games
3120,Home & Garden
3183,Arts & Entertainment
3162,(Unknown)
3280,Health
3240,Games
3129,Autos & Vehicles
3367,Science
3181,Games
3250,Shopping
3268,Computers & Electronics
3295,Games
3255,Business & Industrial
3034,Arts & Entertainment
3170,Arts & Entertainment
3143,Games
3184,Computers & Electronics
3197,Food & Drink
3278,Autos & Vehicles
3342,Computers & Electronics
3272,Hobbies & Leisure
3145,Games
3223,Games
3164,Food & Drink
3156,Food & Drink
3304,Games
3099,Computers & Electronics
3254,Computers & Electronics
3290,(Unknown)
3294,Autos & Vehicles
3090,Arts & Entertainment
3271,Arts & Entertainment
3335,(Unknown)
3195,Games
3213,Sports
3094,Beauty & Fitness
3245,Sports
3297,Business & Industrial
3219,Computers & Electronics
3231,Autos & Vehicles
3365,Home & Garden
3242,Autos & Vehicles
3152,Games
3107,Pets & Animals
3187,(Unknown)
3260,Computers & Electronics
3243,Arts & Entertainment
3151,Pets & Animals
3146,Arts & Entertainment
3314,Games
3351,Computers & Electronics
3157,(Unknown)
3310,Business & Industrial
3210,Games
3200,Games
3189,Hobbies & Leisure
3366,Arts & Entertainment
3226,Arts & Entertainment
3333,Finance
3287,Games
3177,Sports
3327,Arts & Entertainment
3111,Business & Industrial
3326,Arts & Entertainment
3293,Games
3273,Travel
3179,Food & Drink
3175,Food & Drink
3056,Business & Industrial
3214,Autos & Vehicles
3114,Pets & Animals
3413,Hobbies & Leisure
3311,Games
3379,Games
3116,Autos & Vehicles
3192,Arts & Entertainment
3167,Games
3267,Computers & Electronics
3354,(Unknown)
3289,Games
3433,Arts & Entertainment
3322,(Unknown)
3264,(Unknown)
3343,Beauty & Fitness
3426,Arts & Entertainment
3401,Games
3266,Food & Drink
3161,Home & Garden
3169,Business & Industrial
3131,Food & Drink
3211,Internet & Telecom
3262,Science
3261,Games
3207,Computers & Electronics
3389,Arts & Entertainment
3276,Shopping
3334,Arts & Entertainment
3222,Autos & Vehicles
3148,Computers & Electronics
3292,Autos & Vehicles
3252,Autos & Vehicles
3305,Shopping
3306,Science
3368,Autos & Vehicles
3220,Pets & Animals
3341,Arts & Entertainment
3269,Arts & Entertainment
3324,Arts & Entertainment
3284,Autos & Vehicles
3279,Autos & Vehicles
3247,Food & Drink
3286,Home & Garden
3336,Arts & Entertainment
3347,Autos & Vehicles
3362,Business & Industrial
3296,Games
3202,Arts & Entertainment
3308,Games
3357,Computers & Electronics
3417,Food & Drink
3579,(Unknown)
3348,Autos & Vehicles
3239,Internet & Telecom
3208,Food & Drink
3431,Books & Literature
3376,Games
3353,Travel
3176,Computers & Electronics
3236,Games
3251,(Unknown)
3388,Arts & Entertainment
3429,Books & Literature
3316,Games
3428,Games
3378,Science
3478,Autos & Vehicles
3315,Arts & Entertainment
3313,(Unknown)
3301,(Unknown)
3249,Autos & Vehicles
3465,Science
3380,Food & Drink
3270,Games
3328,Business & Industrial
3299,Games
3345,Sports
3385,Autos & Vehicles
3356,Games
3405,Autos & Vehicles
3483,Travel
3321,Arts & Entertainment
3330,Real Estate
3371,Arts & Entertainment
3422,Games
3382,Autos & Vehicles
3259,Food & Drink
3507,Autos & Vehicles
3199,Sports
3274,Travel
3384,Food & Drink
3425,Games
3339,Business & Industrial
3460,Autos & Vehicles
3360,Internet & Telecom
3454,Computers & Electronics
3331,Travel
3332,News
3430,Pets & Animals
3281,Autos & Vehicles
3406,Arts & Entertainment
3435,(Unknown)
3275,Autos & Vehicles
3230,Business & Industrial
3115,Games
3381,Business & Industrial
3283,Beauty & Fitness
3350,Games
3421,Autos & Vehicles
3488,Games
3387,Sports
3344,Arts & Entertainment
3373,Autos & Vehicles
3424,Games
3399,Autos & Vehicles
3277,Pets & Animals
3457,Shopping
3300,Business & Industrial
3346,Pets & Animals
3285,Food & Drink
3318,Games
3374,Autos & Vehicles
3434,Food & Drink
3263,Pets & Animals
3590,Games
3459,Food & Drink
3386,Books & Literature
3450,Autos & Vehicles
3355,(Unknown)
3369,Games
3508,Beauty & Fitness
3423,Home & Garden
3319,Games
3303,Games
3363,Games
3501,Business & Industrial
3349,(Unknown)
3466,Autos & Vehicles
3548,Business & Industrial
3227,(Unknown)
3359,Computers & Electronics
3455,Arts & Entertainment
3420,(Unknown)
3495,Shopping
3411,Autos & Vehicles
3320,Games
3393,Computers & Electronics
3173,(Unknown)
3492,Travel
3377,Law & Government
3470,Sports
3487,Home & Garden
3390,Health
3496,Science
3444,Autos & Vehicles
3468,Games
3427,Pets & Animals
3473,People & Society
3302,Sports
3317,Games
3489,Home & Garden
3464,Arts & Entertainment
3364,Computers & Electronics
3445,Food & Drink
3372,Pets & Animals
3535,Computers & Electronics
3396,Science
3340,Autos & Vehicles
3494,Pets & Animals
3352,Games
3456,Arts & Entertainment
3561,Computers & Electronics
3469,Science
3370,Games
3358,Computers & Electronics
3502,Arts & Entertainment
3432,Autos & Vehicles
3412,Arts & Entertainment
3392,Arts & Entertainment
3558,Arts & Entertainment
3618,Beauty & Fitness
3209,People & Society
3497,Computers & Electronics
3436,Food & Drink
3238,Games
3458,Games
3404,Autos & Vehicles
3530,Autos & Vehicles
3510,Games
3549,Food & Drink
3375,Autos & Vehicles
3323,Arts & Entertainment
3312,(Unknown)
3523,Sports
3329,(Unknown)
3325,Autos & Vehicles
3398,(Unknown)
3513,Computers & Electronics
3474,Autos & Vehicles
3416,Science
3437,Arts & Entertainment
3410,Business & Industrial
3518,Games
3391,Home & Garden
3480,Sports
3568,Arts & Entertainment
3407,Health
3441,Arts & Entertainment
3418,Games
3408,Games
3397,Computers & Electronics
3556,Hobbies & Leisure
3516,Hobbies & Leisure
3481,Business & Industrial
3504,News
3452,Games
3593,Autos & Vehicles
3519,Shopping
3400,Pets & Animals
3453,Food & Drink
3383,Health
3463,Business & Industrial
3515,People & Society
3477,Games
3537,Computers & Electronics
3525,Autos & Vehicles
3414,Arts & Entertainment
3517,Books & Literature
3642,(Unknown)
3451,Games
3491,Games
3552,Arts & Entertainment
3570,Arts & Entertainment
3440,Autos & Vehicles
3622,Games
3505,Autos & Vehicles
3403,Food & Drink
3597,(Unknown)
3402,(Unknown)
3471,Shopping
3509,Autos & Vehicles
3578,Autos & Vehicles
3439,Games
3475,People & Society
3686,Arts & Entertainment
3571,(Unknown)
3512,Arts & Entertainment
3395,Hobbies & Leisure
3527,Shopping
3560,Arts & Entertainment
3576,Food & Drink
3565,Internet & Telecom
3309,Arts & Entertainment
3599,Hobbies & Leisure
3484,Food & Drink
3514,Food & Drink
3493,Shopping
3485,Home & Garden
3461,Business & Industrial
3534,Sports
3538,Computers & Electronics
3555,Business & Industrial
3467,Pets & Animals
3446,Science
3693,Computers & Electronics
3583,Hobbies & Leisure
3503,Sports
3499,Computers & Electronics
3625,Arts & Entertainment
3546,People & Society
3415,Games
3582,Arts & Entertainment
3442,Pets & Animals
3490,Autos & Vehicles
3544,Games
3661,Games
3629,Games
3448,Business & Industrial
3586,Autos & Vehicles
3545,Autos & Vehicles
3498,Finance
3543,Autos & Vehicles
3479,Arts & Entertainment
3528,Autos & Vehicles
3472,Arts & Entertainment
3539,Pets & Animals
3584,Food & Drink
3511,Games
3529,Sports
3443,Food & Drink
3591,(Unknown)
3610,Autos & Vehicles
3540,Beauty & Fitness
3705,Shopping
3449,Shopping
3550,Beauty & Fitness
3611,People & Society
3604,Arts & Entertainment
3520,Reference
3630,Computers & Electronics
3533,Games
3587,Shopping
3522,Computers & Electronics
3563,Arts & Entertainment
3752,Food & Drink
3541,Beauty & Fitness
3542,Autos & Vehicles
3608,Food & Drink
3338,Arts & Entertainment
3605,Business & Industrial
3500,Arts & Entertainment
3482,Arts & Entertainment
3438,Beauty & Fitness
3714,Food & Drink
3729,Reference
3577,Games
3598,Travel
3644,Games
3606,Food & Drink
3521,Business & Industrial
3562,Games
3419,Autos & Vehicles
3409,Jobs & Education
3524,Reference
3532,Food & Drink
3662,Computers & Electronics
3614,Computers & Electronics
3668,Autos & Vehicles
3531,Autos & Vehicles
3486,Home & Garden
3652,Arts & Entertainment
3536,Science
3447,Shopping
3654,Shopping
3566,Home & Garden
3580,Games
3621,Finance
3624,Autos & Vehicles
3615,Arts & Entertainment
3564,Games
3663,Computers & Electronics
3680,Games
3607,Autos & Vehicles
3682,Autos & Vehicles
3672,Sports
3616,Business & Industrial
3623,Games
3639,Games
3476,Autos & Vehicles
3594,(Unknown)
3692,(Unknown)
3547,Business & Industrial
3626,Games
3645,Games
3770,Games
3572,Reference
3613,Games
3708,Business & Industrial
3569,Books & Literature
3657,Autos & Vehicles
3658,(Unknown)
3631,Autos & Vehicles
3609,Arts & Entertainment
3675,Food & Drink
3462,Games
3678,Science
3581,(Unknown)
3717,Arts & Entertainment
3736,Games
3589,Games
3694,Games
3635,Beauty & Fitness
3559,Hobbies & Leisure
3603,Sports
3640,Games
3699,Computers & Electronics
3683,Games
3684,Arts & Entertainment
3655,Food & Drink
3574,Autos & Vehicles
3575,(Unknown)
3643,(Unknown)
3585,Business & Industrial
3526,Computers & Electronics
3554,Autos & Vehicles
3673,Games
3595,Food & Drink
3617,Food & Drink
3619,Autos & Vehicles
3653,Games
3670,Home & Garden
3820,Internet & Telecom
3749,Autos & Vehicles
3695,Beauty & Fitness
3600,Travel
3620,Sports
3766,Games
3567,Computers & Electronics
3601,Autos & Vehicles
3722,Arts & Entertainment
3685,(Unknown)
3767,Beauty & Fitness
3796,Computers & Electronics
3740,Hobbies & Leisure
3703,Hobbies & Leisure
3641,Games
3803,Games
3710,Computers & Electronics
3551,Games
3632,Business & Industrial
3646,Reference
3506,Food & Drink
3633,Business & Industrial
3859,Games
3839,Business & Industrial
3732,Computers & Electronics
3745,Science
3669,Computers & Electronics
3651,Business & Industrial
3636,Travel
3700,Reference
3713,Food & Drink
3734,Games
3797,Games
3681,(Unknown)
3785,Computers & Electronics
3848,Games
3704,Pets & Animals
3776,Sports
3634,News
3687,(Unknown)
3762,Arts & Entertainment
3553,Sports
3860,(Unknown)
3772,Food & Drink
3790,(Unknown)
3592,Home & Garden
3706,Games
3728,Autos & Vehicles
3688,Arts & Entertainment
3637,Arts & Entertainment
3707,Computers & Electronics
3818,(Unknown)
3751,Autos & Vehicles
3724,(Unknown)
3781,Computers & Electronics
3656,Games
3665,Autos & Vehicles
3760,Computers & Electronics
3721,Computers & Electronics
3671,Hobbies & Leisure
3809,(Unknown)
3612,Computers & Electronics
3716,Computers & Electronics
3696,Autos & Vehicles
3804,Autos & Vehicles
3768,(Unknown)
3775,(Unknown)
3764,Computers & Electronics
3676,Science
3763,Sports
3800,(Unknown)
3647,Autos & Vehicles
3735,Food & Drink
3627,Shopping
3747,Autos & Vehicles
3782,Science
3730,Autos & Vehicles
3739,Games
3783,Food & Drink
3715,Arts & Entertainment
3774,Games
3638,Arts & Entertainment
3660,Games
3689,Autos & Vehicles
3573,Games
3742,Arts & Entertainment
3602,Autos & Vehicles
3741,Arts & Entertainment
3808,Arts & Entertainment
3795,(Unknown)
3691,Hobbies & Leisure
3833,Arts & Entertainment
3725,Autos & Vehicles
3771,Food & Drink
3648,Arts & Entertainment
3761,Games
3743,(Unknown)
3793,Travel
3758,Sports
3720,Shopping
3815,(Unknown)
3394,Games
3831,Home & Garden
3727,Home & Garden
3754,Sports
3726,Business & Industrial
3649,Games
3650,Shopping
3596,Arts & Entertainment
3832,Science
3709,Games
3849,Arts & Entertainment
3731,Autos & Vehicles
3757,Arts & Entertainment
3827,Games
3723,(Unknown)
3733,Games
3659,Arts & Entertainment
3588,Food & Drink
3628,(Unknown)
3822,People & Society
3817,Games
3784,Computers & Electronics
3744,Autos & Vehicles
3679,Games
3787,(Unknown)
3690,Shopping
3756,Arts & Entertainment
3746,Computers & Electronics
3748,Food & Drink
3738,Law & Government
3697,Hobbies & Leisure
3755,Food & Drink
3840,Hobbies & Leisure
3698,Arts & Entertainment
3834,Arts & Entertainment
3557,Games
3712,Games
3674,Games
3819,Computers & Electronics
3821,Shopping
3664,Games
3799,Games
3750,Games
3835,Arts & Entertainment
3851,Arts & Entertainment
3845,Beauty & Fitness
3791,Arts & Entertainment
3814,Games
3719,(Unknown)
3702,Law & Government
3826,(Unknown)
3711,Games
3858,Autos & Vehicles
3836,Arts & Entertainment
3773,(Unknown)
3823,Hobbies & Leisure
3813,Games
3830,Arts & Entertainment
3852,Computers & Electronics
3855,Autos & Vehicles
3798,Reference
3792,Pets & Animals
3807,Arts & Entertainment
3842,Autos & Vehicles
3667,Pets & Animals
3846,Arts & Entertainment
3801,Games
3788,People & Society
3765,Science
3794,Games
3718,Pets & Animals
3806,Games
3769,Games
3753,Hobbies & Leisure
3811,Shopping
3802,Arts & Entertainment
3861,Arts & Entertainment
3666,Autos & Vehicles
3786,Games
3810,Business & Industrial
3777,Science
3829,(Unknown)
3853,Food & Drink
3856,Arts & Entertainment
3850,Games
3816,Home & Garden
3857,Hobbies & Leisure
3778,Internet & Telecom
3789,Shopping
3843,Computers & Electronics
3779,Business & Industrial
3828,Games
3701,Beauty & Fitness
3677,Arts & Entertainment
3847,Travel
3841,People & Society
3837,(Unknown)
3825,Food & Drink
3737,Arts & Entertainment
3759,Games
3780,Games
3838,Games
3805,Games
3854,Health
3824,(Unknown)
3844,Business & Industrial
3812,Science
